,length,num_tokens,num_sentences,avg_sent_len,num_exclm_mark,ratio_q
0,0.16201716738197425,0.15151515151515152,0.0,0.16201716738197425,0.0,0.0
1,0.15450643776824036,0.12727272727272726,0.0,0.15450643776824033,0.0,0.0
2,0.12124463519313304,0.10909090909090909,0.125,0.06888412017167381,0.0,0.0
3,0.13626609442060086,0.12121212121212122,0.0,0.13626609442060086,0.0,0.0
4,0.15343347639484978,0.1393939393939394,0.0,0.15343347639484978,0.0,0.0
5,0.43240343347639487,0.4727272727272727,0.0,0.43240343347639487,0.0,0.0
6,0.10515021459227468,0.09696969696969697,0.0,0.10515021459227467,0.0,0.0
7,0.00536480686695279,0.006060606060606061,0.0,0.005364806866952789,0.0,0.0
8,0.2907725321888412,0.2909090909090909,0.0,0.2907725321888412,0.0,0.0
9,0.14484978540772533,0.12727272727272726,0.125,0.08304721030042918,0.0,0.0
10,0.5182403433476395,0.4666666666666667,0.1875,0.2542918454935622,0.0,0.0
11,0.07188841201716738,0.06060606060606061,0.0,0.07188841201716738,0.0,0.0
12,0.26502145922746784,0.2545454545454545,0.0,0.2650214592274678,0.0,0.0
13,0.15236051502145923,0.14545454545454545,0.0,0.15236051502145923,0.0,0.0
14,0.2843347639484979,0.2909090909090909,0.0625,0.21083690987124462,0.0,0.0
15,0.3905579399141631,0.4,0.0,0.39055793991416304,0.0,0.0
16,0.09012875536480687,0.07878787878787878,0.0,0.09012875536480686,0.0,0.0
17,0.12446351931330472,0.10303030303030303,0.0,0.12446351931330471,0.0,0.0
18,0.23390557939914164,0.18787878787878787,0.0,0.23390557939914164,0.0,0.0
19,0.12446351931330472,0.09696969696969697,0.0,0.12446351931330471,0.0,0.0
20,0.5343347639484979,0.46060606060606063,0.0,0.5343347639484978,0.0,0.0
21,0.11051502145922747,0.12121212121212122,0.0,0.11051502145922747,0.0,0.0
22,0.17489270386266095,0.16363636363636364,0.0,0.17489270386266095,0.0,0.0
23,0.09978540772532189,0.06060606060606061,0.0,0.09978540772532188,0.0,0.0
24,0.028969957081545063,0.024242424242424242,0.0,0.028969957081545063,0.0,0.0
25,0.0536480686695279,0.03636363636363636,0.0,0.0536480686695279,0.0,0.0
26,0.2929184549356223,0.2787878787878788,0.0,0.2929184549356223,0.0,0.0
27,0.12875536480686695,0.10909090909090909,0.0,0.12875536480686695,0.0,0.0
28,0.08261802575107297,0.05454545454545454,0.0,0.08261802575107297,0.0,0.0
29,0.034334763948497854,0.01818181818181818,0.0,0.03433476394849785,0.0,0.0
30,0.11802575107296137,0.13333333333333333,0.0,0.11802575107296136,0.0,0.0
31,0.1255364806866953,0.12121212121212122,0.0625,0.0917381974248927,0.0,0.0
32,0.48390557939914164,0.4484848484848485,0.375,0.15486409155937053,0.0,0.0
33,0.11373390557939914,0.09696969696969697,0.0,0.11373390557939914,0.0,0.0
34,0.41738197424892703,0.37575757575757573,0.0,0.417381974248927,0.0,0.0
35,0.1255364806866953,0.10909090909090909,0.0,0.12553648068669526,0.0,0.0
36,0.05150214592274678,0.05454545454545454,0.0,0.05150214592274678,0.0,0.0
37,0.09334763948497854,0.08484848484848485,0.0,0.09334763948497854,0.0,0.0
38,0.36373390557939916,0.38181818181818183,0.0625,0.27038626609442057,0.0,0.0
39,0.059012875536480686,0.048484848484848485,0.0,0.05901287553648068,0.0,0.0
40,0.2575107296137339,0.24848484848484848,0.0,0.2575107296137339,0.0,0.0
41,0.07618025751072961,0.07878787878787878,0.0,0.07618025751072961,0.0,0.0
42,0.3465665236051502,0.3575757575757576,0.0,0.3465665236051502,0.0,0.0
43,0.1276824034334764,0.10909090909090909,0.0,0.12768240343347637,0.0,0.0
44,0.08476394849785408,0.05454545454545454,0.0,0.08476394849785407,0.0,0.0
45,0.22854077253218885,0.23636363636363636,0.0,0.22854077253218882,0.0,0.0
46,0.30150214592274677,0.2606060606060606,0.0625,0.22371244635193133,0.0,0.0
47,0.2478540772532189,0.2787878787878788,0.0,0.24785407725321887,0.0,0.0
48,0.015021459227467811,0.0,0.0,0.015021459227467811,0.0,0.0
49,0.033261802575107295,0.03636363636363636,0.0,0.033261802575107295,0.0,0.0
50,0.33369098712446355,0.3393939393939394,0.0625,0.24785407725321887,0.0,0.0
51,0.10193133047210301,0.07878787878787878,0.0,0.101931330472103,0.0,0.0
52,0.1684549356223176,0.1696969696969697,0.25,0.06667688534641324,0.0,0.0
53,0.02145922746781116,0.01818181818181818,0.0,0.021459227467811155,0.0,0.0
54,0.09656652360515021,0.07272727272727272,0.0,0.09656652360515021,0.0,0.0
55,0.1781115879828326,0.15151515151515152,0.0,0.1781115879828326,0.0,0.0
56,0.33369098712446355,0.296969696969697,0.0,0.3336909871244635,0.0,0.0
57,0.0203862660944206,0.006060606060606061,0.0,0.0203862660944206,0.0,0.0
58,0.351931330472103,0.3151515151515151,0.1875,0.17113733905579398,0.17647058823529413,0.0
59,0.2832618025751073,0.2727272727272727,0.0,0.2832618025751073,0.0,0.0
60,0.3111587982832618,0.3393939393939394,0.0625,0.2309549356223176,0.0,0.0
61,0.032188841201716736,0.030303030303030304,0.0,0.032188841201716736,0.0,0.0
62,0.015021459227467811,0.006060606060606061,0.0,0.015021459227467811,0.0,0.0
63,0.34763948497854075,0.26666666666666666,0.0,0.34763948497854075,0.0,0.0
64,0.1963519313304721,0.18181818181818182,0.0,0.1963519313304721,0.0,0.0
65,0.2349785407725322,0.23636363636363636,0.0,0.23497854077253216,0.0,0.0
66,0.03540772532188841,0.030303030303030304,0.0,0.03540772532188841,0.0,0.0
67,0.15128755364806867,0.14545454545454545,0.0,0.15128755364806867,0.17647058823529413,0.0
68,0.046137339055793994,0.03636363636363636,0.0,0.04613733905579399,0.0,0.0
69,0.028969957081545063,0.012121212121212121,0.0,0.028969957081545063,0.0,0.0
70,0.07081545064377683,0.09090909090909091,0.0,0.07081545064377683,0.0,0.0
71,0.3562231759656652,0.3515151515151515,0.375,0.11230329041487838,0.0,0.0
72,0.7145922746781116,0.703030303030303,0.1875,0.35246781115879827,0.0,0.0
73,0.11266094420600858,0.12727272727272726,0.0,0.11266094420600857,0.0,0.0
74,0.8959227467811158,0.8484848484848485,0.4375,0.2620171673819742,0.0,0.0
75,0.059012875536480686,0.04242424242424243,0.0625,0.04184549356223176,0.0,0.0
76,0.09120171673819742,0.06666666666666667,0.0,0.09120171673819742,0.0,0.0
77,0.13197424892703863,0.12727272727272726,0.0,0.13197424892703863,0.0,0.0
78,0.060085836909871244,0.048484848484848485,0.0,0.060085836909871244,0.0,0.0
79,0.02682403433476395,0.012121212121212121,0.0,0.02682403433476395,0.0,0.0
80,0.07618025751072961,0.06666666666666667,0.0,0.07618025751072961,0.0,0.0
81,0.22424892703862662,0.21212121212121213,0.1875,0.1072961373390558,0.0,0.0
82,0.12124463519313304,0.11515151515151516,0.0,0.12124463519313303,0.0,0.0
83,0.04291845493562232,0.024242424242424242,0.0,0.04291845493562232,0.0,0.0
84,0.17489270386266095,0.19393939393939394,0.0,0.17489270386266095,0.0,0.0
85,0.30257510729613735,0.2909090909090909,0.0,0.30257510729613735,0.0,0.0
86,0.059012875536480686,0.04242424242424243,0.0,0.05901287553648068,0.0,0.0
87,0.21781115879828325,0.17575757575757575,0.0,0.21781115879828328,0.0,0.0
88,0.23927038626609443,0.24242424242424243,0.0,0.2392703862660944,0.0,0.0
89,0.03540772532188841,0.01818181818181818,0.0,0.03540772532188841,0.0,0.0
90,0.20064377682403434,0.18787878787878787,0.0,0.2006437768240343,0.17647058823529413,0.0
91,0.21244635193133046,0.18181818181818182,0.0,0.21244635193133046,0.0,0.0
92,0.06652360515021459,0.06060606060606061,0.0,0.06652360515021459,0.0,0.0
93,0.03540772532188841,0.024242424242424242,0.0,0.03540772532188841,0.0,0.0
94,0.14699570815450644,0.11515151515151516,0.0,0.1469957081545064,0.0,0.0
95,0.30793991416309013,0.3151515151515151,0.0,0.30793991416309013,0.0,0.0
96,0.21566523605150215,0.19393939393939394,0.125,0.12553648068669526,0.0,0.0
97,0.30686695278969955,0.2909090909090909,0.0,0.30686695278969955,0.0,0.0
98,0.4871244635193133,0.4727272727272727,0.0,0.4871244635193133,0.0,0.0
99,0.045064377682403435,0.03636363636363636,0.0,0.04506437768240343,0.0,0.0
100,0.09012875536480687,0.07878787878787878,0.0,0.09012875536480686,0.0,0.0
101,0.1148068669527897,0.09696969696969697,0.125,0.0650214592274678,0.0,0.0
102,0.3090128755364807,0.3090909090909091,0.0,0.30901287553648066,0.0,0.0
103,0.03969957081545064,0.03636363636363636,0.0,0.03969957081545064,0.0,0.0
104,0.03111587982832618,0.012121212121212121,0.0,0.031115879828326178,0.0,0.0
105,0.07618025751072961,0.06666666666666667,0.0,0.07618025751072961,0.0,0.0
106,0.034334763948497854,0.024242424242424242,0.0,0.03433476394849785,0.0,0.0
107,0.2854077253218884,0.24848484848484848,0.0,0.2854077253218884,0.11764705882352941,0.0
108,0.11373390557939914,0.09696969696969697,0.0625,0.0828862660944206,0.0,0.0
109,0.2296137339055794,0.21818181818181817,0.0,0.22961373390557938,0.0,0.0
110,0.06330472103004292,0.06666666666666667,0.0,0.06330472103004292,0.0,0.0
111,0.12875536480686695,0.10303030303030303,0.125,0.07339055793991416,0.0,0.0
112,0.02682403433476395,0.01818181818181818,0.0,0.02682403433476395,0.0,0.0
113,0.5793991416309013,0.5151515151515151,0.0,0.5793991416309012,0.0,0.0
114,0.33476394849785407,0.3333333333333333,0.0,0.33476394849785407,0.0,0.0
115,0.4130901287553648,0.40606060606060607,0.0,0.4130901287553648,0.0,0.0
116,0.12124463519313304,0.10303030303030303,0.0,0.12124463519313303,0.0,0.0
117,0.015021459227467811,0.006060606060606061,0.0,0.015021459227467811,0.0,0.0
118,0.16416309012875535,0.12727272727272726,0.0625,0.12070815450643776,0.0,0.0
119,0.16416309012875535,0.16363636363636364,0.0,0.16416309012875535,0.0,0.0
120,0.4409871244635193,0.503030303030303,0.1875,0.21566523605150215,0.17647058823529413,0.5833333333333334
121,0.07939914163090128,0.05454545454545454,0.0,0.07939914163090128,0.0,0.0
122,0.14377682403433475,0.12121212121212122,0.0,0.14377682403433475,0.0,0.0
123,0.059012875536480686,0.030303030303030304,0.125,0.031545064377682404,0.0,0.0
124,0.09763948497854077,0.07272727272727272,0.0,0.09763948497854077,0.0,0.0
125,0.23927038626609443,0.23636363636363636,0.0,0.2392703862660944,0.0,0.0
126,0.028969957081545063,0.01818181818181818,0.0,0.028969957081545063,0.0,0.0
127,0.11051502145922747,0.07878787878787878,0.0,0.11051502145922747,0.0,0.0
128,0.20386266094420602,0.18181818181818182,0.25,0.08185162477007969,0.0,0.0
129,0.0740343347639485,0.06060606060606061,0.0,0.0740343347639485,0.0,0.0
130,0.05042918454935622,0.04242424242424243,0.0,0.05042918454935622,0.0,0.0
131,0.046137339055793994,0.03636363636363636,0.0,0.04613733905579399,0.0,0.0
132,0.11373390557939914,0.08484848484848485,0.0,0.11373390557939914,0.0,0.0
133,0.12339055793991416,0.09696969696969697,0.0,0.12339055793991416,0.0,0.0
134,0.09549356223175966,0.09090909090909091,0.0,0.09549356223175966,0.0,0.0
135,0.0203862660944206,0.01818181818181818,0.0,0.0203862660944206,0.0,0.0
136,0.08476394849785408,0.06666666666666667,0.0,0.08476394849785407,0.0,0.0
137,0.048283261802575105,0.04242424242424243,0.0,0.048283261802575105,0.0,0.0
138,0.033261802575107295,0.030303030303030304,0.0,0.033261802575107295,0.0,0.0
139,0.11158798283261803,0.09696969696969697,0.0,0.111587982832618,0.0,0.0
140,0.03540772532188841,0.01818181818181818,0.0,0.03540772532188841,0.0,0.0
141,0.1781115879828326,0.15757575757575756,0.0,0.1781115879828326,0.0,0.0
142,0.25643776824034337,0.2545454545454545,0.0,0.25643776824034337,0.0,0.0
143,0.028969957081545063,0.012121212121212121,0.0,0.028969957081545063,0.0,0.0
144,0.2296137339055794,0.21818181818181817,0.0,0.22961373390557938,0.0,0.0
145,0.07510729613733906,0.06666666666666667,0.0,0.07510729613733905,0.0,0.0
146,0.03969957081545064,0.01818181818181818,0.0,0.03969957081545064,0.0,0.0
147,0.19527896995708155,0.18787878787878787,0.0,0.19527896995708152,0.0,0.0
148,0.09227467811158799,0.09090909090909091,0.0,0.09227467811158799,0.0,0.0
149,0.11373390557939914,0.10909090909090909,0.0,0.11373390557939914,0.0,0.0
150,0.30257510729613735,0.3090909090909091,0.0,0.30257510729613735,0.0,0.0
151,0.06330472103004292,0.05454545454545454,0.0,0.06330472103004292,0.0,0.0
152,0.06652360515021459,0.03636363636363636,0.0,0.06652360515021459,0.0,0.0
153,0.046137339055793994,0.03636363636363636,0.0,0.04613733905579399,0.0,0.0
154,0.1609442060085837,0.14545454545454545,0.0,0.16094420600858367,0.0,0.0
155,0.1684549356223176,0.17575757575757575,0.0,0.1684549356223176,0.0,0.0
156,0.1888412017167382,0.15151515151515152,0.0625,0.1392167381974249,0.0,0.0
157,0.26394849785407726,0.28484848484848485,0.0,0.26394849785407726,0.0,0.0
158,0.06223175965665236,0.04242424242424243,0.0,0.062231759656652355,0.0,0.0
159,0.08583690987124463,0.06666666666666667,0.0,0.08583690987124463,0.0,0.0
160,0.157725321888412,0.1393939393939394,0.0,0.157725321888412,0.0,0.0
161,0.13841201716738197,0.12727272727272726,0.0,0.13841201716738197,0.0,0.0
162,0.10407725321888411,0.09090909090909091,0.0,0.10407725321888413,0.0,0.0
163,0.13412017167381973,0.10909090909090909,0.0,0.13412017167381973,0.0,0.0
164,0.26716738197424894,0.26666666666666666,0.0625,0.19796137339055792,0.0,0.0
165,0.19206008583690987,0.15151515151515152,0.0,0.19206008583690984,0.0,0.0
166,0.4967811158798283,0.4727272727272727,0.5,0.12846273897776042,0.0,0.0
167,0.3293991416309013,0.3090909090909091,0.0,0.3293991416309012,0.0,0.0
168,0.1459227467811159,0.14545454545454545,0.0,0.1459227467811159,0.0,0.0
169,0.22210300429184548,0.22424242424242424,0.0,0.22210300429184548,0.0,0.0
170,0.3315450643776824,0.36363636363636365,0.0,0.3315450643776824,0.0,0.0
171,0.1298283261802575,0.08484848484848485,0.0,0.1298283261802575,0.0,0.0
172,0.08583690987124463,0.07878787878787878,0.0,0.08583690987124463,0.0,0.0
173,0.06866952789699571,0.06060606060606061,0.0,0.0686695278969957,0.0,0.0
174,0.019313304721030045,0.01818181818181818,0.0,0.01931330472103004,0.0,0.0
175,0.07296137339055794,0.06666666666666667,0.0,0.07296137339055794,0.0,0.0
176,0.1684549356223176,0.16363636363636364,0.0,0.1684549356223176,0.0,0.0
177,0.09012875536480687,0.07272727272727272,0.0,0.09012875536480686,0.0,0.0
178,0.13304721030042918,0.09696969696969697,0.125,0.0759656652360515,0.0,0.0
179,0.11051502145922747,0.10909090909090909,0.0,0.11051502145922747,0.0,0.0
180,0.41201716738197425,0.4121212121212121,0.0,0.41201716738197425,0.0,0.0
181,0.21566523605150215,0.18181818181818182,0.0,0.21566523605150215,0.0,0.0
182,0.034334763948497854,0.024242424242424242,0.0,0.03433476394849785,0.0,0.0
183,0.1963519313304721,0.2,0.0,0.1963519313304721,0.0,0.0
184,0.14699570815450644,0.12121212121212122,0.0,0.1469957081545064,0.0,0.0
185,0.10944206008583691,0.08484848484848485,0.1875,0.04989270386266094,0.0,0.0
186,0.16523605150214593,0.18787878787878787,0.0,0.16523605150214593,0.0,0.0
187,0.2510729613733906,0.2606060606060606,0.0,0.2510729613733905,0.0,0.0
188,0.03755364806866953,0.030303030303030304,0.0,0.03755364806866952,0.0,0.0
189,0.34120171673819744,0.3212121212121212,0.0,0.3412017167381974,0.0,0.0
190,0.1984978540772532,0.1696969696969697,0.0,0.1984978540772532,0.0,0.0
191,0.2800429184549356,0.23636363636363636,0.0,0.2800429184549356,0.0,0.0
192,0.06866952789699571,0.06666666666666667,0.0,0.0686695278969957,0.0,0.0
193,0.0536480686695279,0.04242424242424243,0.0,0.0536480686695279,0.0,0.0
194,0.059012875536480686,0.04242424242424243,0.0,0.05901287553648068,0.0,0.0
195,0.07939914163090128,0.06060606060606061,0.0,0.07939914163090128,0.0,0.0
196,0.09978540772532189,0.08484848484848485,0.0,0.09978540772532188,0.0,0.0
197,0.10193133047210301,0.07878787878787878,0.0,0.101931330472103,0.0,0.0
198,0.03969957081545064,0.030303030303030304,0.0,0.03969957081545064,0.0,0.0
199,0.10944206008583691,0.07878787878787878,0.0,0.1094420600858369,0.0,0.0
200,0.06652360515021459,0.05454545454545454,0.0,0.06652360515021459,0.0,0.0
201,0.04291845493562232,0.030303030303030304,0.0,0.04291845493562232,0.0,0.0
202,0.0,0.0,0.0,0.0,0.0,0.4375
203,0.07618025751072961,0.048484848484848485,0.0,0.07618025751072961,0.0,0.0
204,0.1459227467811159,0.15151515151515152,0.0,0.1459227467811159,0.0,0.0
205,0.04184549356223176,0.030303030303030304,0.0,0.04184549356223176,0.0,0.0
206,0.08476394849785408,0.07272727272727272,0.0,0.08476394849785407,0.0,0.0
207,0.1781115879828326,0.19393939393939394,0.0,0.1781115879828326,0.0,0.0
208,0.1781115879828326,0.15151515151515152,0.0,0.1781115879828326,0.0,0.0
209,0.3530042918454936,0.32727272727272727,0.0,0.35300429184549353,0.0,0.0
210,0.15987124463519314,0.13333333333333333,0.0625,0.11748927038626608,0.058823529411764705,0.0
211,0.2145922746781116,0.19393939393939394,0.0625,0.15853004291845493,0.0,0.0
212,0.13197424892703863,0.10303030303030303,0.0,0.13197424892703863,0.0,0.0
213,0.15879828326180256,0.13333333333333333,0.0,0.15879828326180256,0.0,0.0
214,0.08690987124463519,0.06666666666666667,0.0,0.08690987124463519,0.0,0.0
215,0.19527896995708155,0.18181818181818182,0.0,0.19527896995708152,0.0,0.0
216,0.11695278969957082,0.12121212121212122,0.0,0.11695278969957082,0.0,0.0
217,0.15665236051502146,0.15151515151515152,0.0,0.15665236051502143,0.0,0.0
218,0.05472103004291846,0.04242424242424243,0.0,0.05472103004291845,0.0,0.0
219,0.008583690987124463,0.006060606060606061,0.0,0.008583690987124463,0.0,0.0
220,0.03111587982832618,0.01818181818181818,0.0,0.031115879828326178,0.0,0.0
221,0.3851931330472103,0.3696969696969697,0.0,0.3851931330472103,0.0,0.0
222,0.10515021459227468,0.09090909090909091,0.0,0.10515021459227467,0.0,0.0
223,0.40987124463519314,0.4303030303030303,0.5,0.10476004682013265,0.11764705882352941,0.0
224,0.08690987124463519,0.07272727272727272,0.0,0.08690987124463519,0.0,0.0
225,0.26502145922746784,0.24848484848484848,0.0,0.2650214592274678,0.0,0.0
226,0.10193133047210301,0.09696969696969697,0.0,0.101931330472103,0.0,0.0
227,0.2017167381974249,0.18787878787878787,0.0,0.2017167381974249,0.0,0.0
228,0.07188841201716738,0.07878787878787878,0.0,0.07188841201716738,0.0,0.0
229,0.194206008583691,0.18181818181818182,0.0625,0.14324034334763946,0.0,0.0
230,0.15665236051502146,0.15151515151515152,0.0,0.15665236051502143,0.0,0.0
231,0.04935622317596566,0.03636363636363636,0.0,0.049356223175965656,0.0,0.0
232,0.2542918454935622,0.24242424242424243,0.0,0.2542918454935622,0.0,0.0
233,0.16630901287553648,0.17575757575757575,0.0625,0.12231759656652359,0.0,0.0
234,0.5396995708154506,0.4666666666666667,0.0,0.5396995708154506,0.058823529411764705,0.0
235,0.02575107296137339,0.01818181818181818,0.0,0.02575107296137339,0.0,0.0
236,0.0611587982832618,0.05454545454545454,0.0,0.061158798283261796,0.0,0.0
237,0.1405579399141631,0.11515151515151516,0.0,0.14055793991416307,0.0,0.0
238,0.09871244635193133,0.07878787878787878,0.0,0.09871244635193131,0.0,0.0
239,0.26824034334763946,0.2545454545454545,0.125,0.15708154506437766,0.0,0.0
240,0.4989270386266094,0.5454545454545454,0.0,0.4989270386266094,0.0,0.0
241,0.10515021459227468,0.10909090909090909,0.0,0.10515021459227467,0.0,0.0
242,0.12660944206008584,0.10303030303030303,0.0,0.12660944206008584,0.0,0.0
243,0.12875536480686695,0.11515151515151516,0.0,0.12875536480686695,0.0,0.0
244,0.2145922746781116,0.23030303030303031,0.0,0.2145922746781116,0.0,0.0
245,0.15236051502145923,0.1393939393939394,0.0,0.15236051502145923,0.0,0.0
246,0.05150214592274678,0.048484848484848485,0.0,0.05150214592274678,0.0,0.0
247,0.3133047210300429,0.2909090909090909,0.0,0.31330472103004287,0.0,0.0
248,0.1791845493562232,0.15151515151515152,0.0,0.17918454935622316,0.17647058823529413,0.0
249,0.20386266094420602,0.18181818181818182,0.0,0.203862660944206,0.0,0.0
250,0.07618025751072961,0.05454545454545454,0.0,0.07618025751072961,0.0,0.0
251,0.06974248927038626,0.05454545454545454,0.0,0.06974248927038626,0.0,0.0
252,0.19527896995708155,0.18181818181818182,0.0,0.19527896995708152,0.0,0.0
253,0.11051502145922747,0.09090909090909091,0.0625,0.08047210300429183,0.0,0.0
254,0.10407725321888411,0.07272727272727272,0.0,0.10407725321888413,0.0,0.0
255,0.15128755364806867,0.13333333333333333,0.0,0.15128755364806867,0.0,0.0
256,0.07188841201716738,0.04242424242424243,0.0,0.07188841201716738,0.0,0.0
257,0.3894849785407725,0.3878787878787879,0.0,0.3894849785407725,0.0,0.0
258,0.07510729613733906,0.06666666666666667,0.0,0.07510729613733905,0.0,0.0
259,0.1255364806866953,0.09696969696969697,0.0,0.12553648068669526,0.0,0.0
260,0.08476394849785408,0.07272727272727272,0.0,0.08476394849785407,0.0,0.0
261,0.1298283261802575,0.13333333333333333,0.5625,0.02521459227467811,0.0,0.0
262,0.08583690987124463,0.09090909090909091,0.0,0.08583690987124463,0.0,0.0
263,0.0740343347639485,0.06060606060606061,0.0,0.0740343347639485,0.0,0.0
264,0.05042918454935622,0.04242424242424243,0.0,0.05042918454935622,0.0,0.0
265,0.02575107296137339,0.030303030303030304,0.0,0.02575107296137339,0.0,0.0
266,0.259656652360515,0.24242424242424243,0.0,0.259656652360515,0.0,0.0
267,0.21995708154506438,0.19393939393939394,0.0,0.21995708154506435,0.0,0.0
268,0.46030042918454933,0.4666666666666667,0.0,0.46030042918454933,0.0,0.0
269,0.677038626609442,0.703030303030303,0.4375,0.1963519313304721,0.0,0.0
270,0.1276824034334764,0.08484848484848485,0.0,0.12768240343347637,0.0,0.0
271,0.27145922746781115,0.24242424242424243,0.0625,0.2011802575107296,0.0,0.0
272,0.05686695278969957,0.04242424242424243,0.0,0.05686695278969957,0.0,0.0
273,0.17489270386266095,0.14545454545454545,0.0,0.17489270386266095,0.0,0.0
274,0.07618025751072961,0.05454545454545454,0.0,0.07618025751072961,0.0,0.0
275,0.02145922746781116,0.01818181818181818,0.0,0.021459227467811155,0.0,0.0
276,0.17274678111587982,0.13333333333333333,0.0625,0.1271459227467811,0.11764705882352941,0.0
277,0.1813304721030043,0.19393939393939394,0.0,0.1813304721030043,0.0,0.0
278,0.2349785407725322,0.21212121212121213,0.0,0.23497854077253216,0.0,0.0
279,0.13948497854077252,0.12121212121212122,0.0,0.13948497854077252,0.0,0.0
280,0.059012875536480686,0.048484848484848485,0.0,0.05901287553648068,0.0,0.0
281,0.02575107296137339,0.01818181818181818,0.0,0.02575107296137339,0.0,0.0
282,0.15236051502145923,0.13333333333333333,0.0,0.15236051502145923,0.0,0.0
283,0.046137339055793994,0.048484848484848485,0.0,0.04613733905579399,0.0,0.0
284,0.1888412017167382,0.18787878787878787,0.0,0.18884120171673818,0.0,0.0
285,0.2918454935622318,0.26666666666666666,0.0625,0.21646995708154504,0.0,0.0
286,0.02575107296137339,0.006060606060606061,0.0,0.02575107296137339,0.0,0.0
287,0.10193133047210301,0.09090909090909091,0.0,0.101931330472103,0.0,0.0
288,0.11266094420600858,0.09696969696969697,0.0,0.11266094420600857,0.0,0.0
289,0.05472103004291846,0.05454545454545454,0.0,0.05472103004291845,0.0,0.0
290,0.09763948497854077,0.09090909090909091,0.0,0.09763948497854077,0.0,0.0
291,0.17489270386266095,0.14545454545454545,0.0,0.17489270386266095,0.0,0.0
292,0.1888412017167382,0.2,0.0,0.18884120171673818,0.0,0.0
293,0.09549356223175966,0.09090909090909091,0.0,0.09549356223175966,0.0,0.0
294,0.08261802575107297,0.06666666666666667,0.0,0.08261802575107297,0.0,0.0
295,0.1813304721030043,0.19393939393939394,0.0,0.1813304721030043,0.0,0.0
296,0.0407725321888412,0.05454545454545454,0.0,0.0407725321888412,0.0,0.0
297,0.08047210300429185,0.05454545454545454,0.0,0.08047210300429183,0.0,0.0
298,0.18776824034334763,0.17575757575757575,0.0,0.18776824034334763,0.0,0.0
299,0.13304721030042918,0.12121212121212122,0.0,0.13304721030042918,0.0,0.0
300,0.14484978540772533,0.11515151515151516,0.0,0.1448497854077253,0.0,0.0
301,0.18454935622317598,0.17575757575757575,0.0,0.18454935622317598,0.0,0.0
302,0.1555793991416309,0.11515151515151516,0.0,0.1555793991416309,0.0,0.0
303,0.15128755364806867,0.13333333333333333,0.0,0.15128755364806867,0.0,0.0
304,0.015021459227467811,0.0,0.0,0.015021459227467811,0.0,0.0
305,0.02575107296137339,0.006060606060606061,0.0,0.02575107296137339,0.0,0.0
306,0.09227467811158799,0.09090909090909091,0.0,0.09227467811158799,0.0,0.0
307,0.07188841201716738,0.04242424242424243,0.0,0.07188841201716738,0.0,0.0
308,0.12446351931330472,0.10909090909090909,0.0,0.12446351931330471,0.0,0.0
309,0.3283261802575107,0.3212121212121212,0.3125,0.11708690987124463,0.0,0.0
310,0.194206008583691,0.16363636363636364,0.0,0.19420600858369097,0.0,0.0
311,0.06759656652360516,0.048484848484848485,0.0,0.06759656652360514,0.0,0.0
312,0.02575107296137339,0.006060606060606061,0.0,0.02575107296137339,0.0,0.0
313,0.1555793991416309,0.12727272727272726,0.0,0.1555793991416309,0.0,0.0
314,0.3626609442060086,0.3515151515151515,0.0,0.3626609442060086,0.0,0.0
315,0.06330472103004292,0.048484848484848485,0.0,0.06330472103004292,0.0,0.0
316,0.1148068669527897,0.10303030303030303,0.0,0.11480686695278969,0.0,0.0
317,0.060085836909871244,0.07878787878787878,0.25,0.02023298589822195,0.0,0.0
318,0.19742489270386265,0.15151515151515152,0.0,0.19742489270386265,0.0,0.0
319,0.046137339055793994,0.03636363636363636,0.0,0.04613733905579399,0.0,0.0
320,0.018240343347639486,0.012121212121212121,0.0,0.018240343347639486,0.0,0.0
321,0.40236051502145925,0.3939393939393939,0.0,0.4023605150214592,0.0,0.0
322,0.19206008583690987,0.15151515151515152,0.25,0.07679337829552421,0.0,0.0
323,0.1427038626609442,0.13333333333333333,0.0,0.1427038626609442,0.0,0.0
324,0.03969957081545064,0.030303030303030304,0.0,0.03969957081545064,0.0,0.0
325,0.03862660944206009,0.030303030303030304,0.0,0.03862660944206008,0.0,0.0
326,0.11587982832618025,0.11515151515151516,0.0625,0.08449570815450644,0.0,0.0
327,0.07188841201716738,0.06060606060606061,0.0,0.07188841201716738,0.0,0.0
328,0.29721030042918456,0.2909090909090909,0.0625,0.22049356223175964,0.5882352941176471,0.0
329,0.19098712446351931,0.1696969696969697,0.0,0.19098712446351931,0.0,0.0
330,0.07939914163090128,0.06060606060606061,0.0,0.07939914163090128,0.0,0.0
331,0.06652360515021459,0.05454545454545454,0.0,0.06652360515021459,0.0,0.0
332,0.045064377682403435,0.048484848484848485,0.0,0.04506437768240343,0.0,0.0
333,0.06223175965665236,0.04242424242424243,0.0,0.062231759656652355,0.0,0.0
334,0.17274678111587982,0.15151515151515152,0.0,0.17274678111587982,0.0,0.0
335,0.23605150214592274,0.21212121212121213,0.0,0.23605150214592271,0.0,0.0
336,0.023605150214592276,0.006060606060606061,0.0,0.023605150214592276,0.0,0.0
337,0.2875536480686695,0.30303030303030304,0.0,0.2875536480686695,0.0,0.0
338,0.6115879828326181,0.6181818181818182,0.0,0.611587982832618,0.0,0.0
339,0.16523605150214593,0.1696969696969697,0.125,0.09527896995708154,0.0,0.0
340,0.06223175965665236,0.06060606060606061,0.0,0.062231759656652355,0.0,0.0
341,0.10085836909871244,0.07878787878787878,0.0,0.10085836909871244,0.0,0.0
342,0.10300429184549356,0.08484848484848485,0.0,0.10300429184549356,0.0,0.0
343,0.1351931330472103,0.12727272727272726,0.0,0.13519313304721028,0.0,0.0
344,0.03862660944206009,0.030303030303030304,0.0,0.03862660944206008,0.0,0.0
345,0.02145922746781116,0.006060606060606061,0.0,0.021459227467811155,0.0,0.0
346,0.048283261802575105,0.024242424242424242,0.0,0.048283261802575105,0.0,0.0
347,0.05686695278969957,0.04242424242424243,0.0,0.05686695278969957,0.0,0.0
348,0.20600858369098712,0.15757575757575756,0.0,0.20600858369098712,0.0,0.0
349,0.24892703862660945,0.22424242424242424,0.0,0.24892703862660942,0.0,0.0
350,0.19098712446351931,0.15151515151515152,0.1875,0.09066523605150215,0.0,0.0
351,0.10407725321888411,0.09696969696969697,0.0,0.10407725321888413,0.0,0.0
352,0.23068669527896996,0.20606060606060606,0.0,0.23068669527896996,0.0,0.0
353,0.21030042918454936,0.21212121212121213,0.0,0.21030042918454933,0.0,0.0
354,0.06330472103004292,0.04242424242424243,0.125,0.03412017167381974,0.0,0.0
355,0.018240343347639486,0.006060606060606061,0.0,0.018240343347639486,0.0,0.0
356,0.315450643776824,0.3212121212121212,0.0,0.315450643776824,0.0,0.0
357,0.12339055793991416,0.09090909090909091,0.125,0.07017167381974249,0.0,0.0
358,0.2757510729613734,0.2727272727272727,0.0,0.2757510729613734,0.0,0.0
359,0.5772532188841202,0.593939393939394,0.0,0.5772532188841202,0.0,0.0
360,0.1459227467811159,0.10303030303030303,0.0,0.1459227467811159,0.0,0.0
361,0.05472103004291846,0.048484848484848485,0.0,0.05472103004291845,0.0,0.0
362,0.06652360515021459,0.048484848484848485,0.0,0.06652360515021459,0.0,0.0
363,0.2843347639484979,0.2787878787878788,0.0,0.2843347639484978,0.0,0.0
364,0.22424892703862662,0.18787878787878787,0.0,0.22424892703862662,0.0,0.0
365,0.05150214592274678,0.05454545454545454,0.0,0.05150214592274678,0.0,0.0
366,0.16523605150214593,0.12121212121212122,0.0,0.16523605150214593,0.0,0.0
367,0.017167381974248927,0.0,0.0,0.017167381974248924,0.0,0.0
368,0.19098712446351931,0.15151515151515152,0.0625,0.14082618025751073,0.0,0.35000000000000003
369,0.08047210300429185,0.06666666666666667,0.0,0.08047210300429183,0.0,0.0
370,0.05472103004291846,0.04242424242424243,0.0,0.05472103004291845,0.0,0.0
371,0.028969957081545063,0.01818181818181818,0.0,0.028969957081545063,0.0,0.0
372,0.04184549356223176,0.024242424242424242,0.0,0.04184549356223176,0.0,0.0
373,0.25,0.21818181818181817,0.0,0.25,0.0,0.0
374,0.6813304721030042,0.6,0.0,0.6813304721030042,0.0,0.0
375,0.09871244635193133,0.09696969696969697,0.0,0.09871244635193131,0.0,0.0
376,0.0611587982832618,0.05454545454545454,0.0,0.061158798283261796,0.0,0.0
377,0.04291845493562232,0.030303030303030304,0.0,0.04291845493562232,0.0,0.0
378,0.5869098712446352,0.5818181818181818,0.5625,0.13948497854077252,0.0,0.0
379,0.05257510729613734,0.03636363636363636,0.0,0.05257510729613733,0.0,0.0
380,0.06866952789699571,0.04242424242424243,0.0,0.0686695278969957,0.0,0.0
381,0.060085836909871244,0.06666666666666667,0.0,0.060085836909871244,0.0,0.0
382,0.045064377682403435,0.03636363636363636,0.0,0.04506437768240343,0.0,0.0
383,0.07618025751072961,0.04242424242424243,0.0,0.07618025751072961,0.0,0.0
384,0.20386266094420602,0.2,0.0,0.203862660944206,0.0,0.0
385,0.06437768240343347,0.05454545454545454,0.0,0.06437768240343347,0.0,0.0
386,0.04184549356223176,0.03636363636363636,0.0,0.04184549356223176,0.0,0.0
387,0.18562231759656653,0.14545454545454545,0.0625,0.13680257510729613,0.0,0.0
388,0.17703862660944206,0.14545454545454545,0.0,0.17703862660944206,0.0,0.0
389,0.0815450643776824,0.07272727272727272,0.0,0.0815450643776824,0.0,0.0
390,0.19206008583690987,0.2,0.0,0.19206008583690984,0.0,0.0
391,0.3927038626609442,0.4121212121212121,0.125,0.2317596566523605,0.0,0.65625
392,0.027896995708154508,0.024242424242424242,0.0,0.0278969957081545,0.0,0.0
393,0.1223175965665236,0.14545454545454545,0.0,0.12231759656652359,0.0,0.0
394,0.13304721030042918,0.12121212121212122,0.125,0.0759656652360515,0.0,0.0
395,0.27896995708154504,0.296969696969697,0.125,0.163519313304721,0.0,0.0
396,0.1072961373390558,0.10303030303030303,0.0,0.1072961373390558,0.0,0.0
397,0.09978540772532189,0.07878787878787878,0.0,0.09978540772532188,0.0,0.0
398,0.07081545064377683,0.04242424242424243,0.0,0.07081545064377683,0.0,0.0
399,0.06223175965665236,0.05454545454545454,0.0,0.062231759656652355,0.0,0.0
400,0.032188841201716736,0.030303030303030304,0.0,0.032188841201716736,0.0,0.0
401,0.14484978540772533,0.13333333333333333,0.0,0.1448497854077253,0.0,0.0
402,0.055793991416309016,0.03636363636363636,0.0,0.055793991416309,0.0,0.0
403,0.12124463519313304,0.10303030303030303,0.0,0.12124463519313303,0.0,0.0
404,0.1072961373390558,0.09696969696969697,0.375,0.02932761087267525,0.0,0.0
405,0.034334763948497854,0.024242424242424242,0.0,0.03433476394849785,0.0,0.0
406,0.08690987124463519,0.09090909090909091,0.0625,0.06276824034334763,0.0,0.0
407,0.3133047210300429,0.23030303030303031,0.0625,0.23256437768240343,0.0,0.0
408,0.1684549356223176,0.16363636363636364,0.0,0.1684549356223176,0.0,0.0
409,0.19527896995708155,0.18787878787878787,0.0,0.19527896995708152,0.0,0.0
410,0.09012875536480687,0.07878787878787878,0.0625,0.0651824034334764,0.0,0.0
411,0.05793991416309013,0.024242424242424242,0.0,0.05793991416309013,0.0,0.0
412,0.13090128755364808,0.13333333333333333,0.0,0.13090128755364805,0.0,0.0
413,0.0407725321888412,0.03636363636363636,0.0,0.0407725321888412,0.0,0.0
414,0.11051502145922747,0.09090909090909091,0.0,0.11051502145922747,0.0,0.0
415,0.38197424892703863,0.3393939393939394,0.125,0.22532188841201714,0.0,0.0
416,0.02682403433476395,0.01818181818181818,0.0,0.02682403433476395,0.0,0.0
417,0.04721030042918455,0.03636363636363636,0.0,0.04721030042918455,0.0,0.0
418,0.1791845493562232,0.18787878787878787,0.0625,0.13197424892703863,0.0,0.0
419,0.043991416309012876,0.024242424242424242,0.0,0.04399141630901287,0.0,0.0
420,0.14377682403433475,0.10303030303030303,0.0,0.14377682403433475,0.0,0.0
421,0.7242489270386266,0.6545454545454545,0.0,0.7242489270386265,0.0,0.0
422,0.03648068669527897,0.03636363636363636,0.0,0.03648068669527897,0.0,0.0
423,0.26931330472103004,0.28484848484848485,0.0,0.26931330472103004,0.0,0.0
424,0.5504291845493562,0.5696969696969697,0.0,0.5504291845493562,0.0,0.0
425,0.034334763948497854,0.01818181818181818,0.0,0.03433476394849785,0.0,0.0
426,0.10085836909871244,0.04242424242424243,0.0,0.10085836909871244,0.0,0.0
427,0.3111587982832618,0.3151515151515151,0.0,0.3111587982832618,0.0,0.0
428,0.3090128755364807,0.28484848484848485,0.0625,0.22934549356223174,0.0,0.0
429,0.05793991416309013,0.048484848484848485,0.0,0.05793991416309013,0.0,0.0
430,0.07188841201716738,0.06666666666666667,0.0,0.07188841201716738,0.0,0.0
431,0.030042918454935622,0.024242424242424242,0.0,0.030042918454935622,0.0,0.0
432,0.13841201716738197,0.11515151515151516,0.0,0.13841201716738197,0.0,0.0
433,0.08583690987124463,0.07272727272727272,0.0,0.08583690987124463,0.0,0.0
434,0.23927038626609443,0.22424242424242424,0.0,0.2392703862660944,0.0,0.0
435,0.05793991416309013,0.04242424242424243,0.0,0.05793991416309013,0.0,0.0
436,0.11695278969957082,0.12121212121212122,0.0,0.11695278969957082,0.0,0.0
437,0.1459227467811159,0.15757575757575756,0.125,0.08369098712446352,0.0,0.0
438,0.6566523605150214,0.6666666666666666,0.0,0.6566523605150214,0.0,0.0
439,0.41094420600858367,0.4,0.125,0.2427038626609442,0.0,0.0
440,0.12446351931330472,0.08484848484848485,0.0,0.12446351931330471,0.0,0.0
441,0.04721030042918455,0.048484848484848485,0.0,0.04721030042918455,0.0,0.0
442,0.16201716738197425,0.15757575757575756,0.0,0.16201716738197425,0.0,0.0
443,0.14377682403433475,0.11515151515151516,0.0,0.14377682403433475,0.0,0.0
444,0.2017167381974249,0.16363636363636364,0.0,0.2017167381974249,0.0,0.0
445,0.1223175965665236,0.10303030303030303,0.0,0.12231759656652359,0.0,0.0
446,0.03755364806866953,0.024242424242424242,0.0,0.03755364806866952,0.0,0.0
447,0.20386266094420602,0.19393939393939394,0.0625,0.15048283261802575,0.0,0.0
448,0.17167381974248927,0.1393939393939394,0.1875,0.08100858369098712,0.0,0.0
449,0.12124463519313304,0.11515151515151516,0.125,0.06888412017167381,0.0,0.0
450,0.33047210300429186,0.37575757575757573,1.0,0.044047887960243955,1.0,0.0
451,0.26180257510729615,0.2,0.0,0.2618025751072961,0.0,0.0
452,0.286480686695279,0.3090909090909091,0.0,0.28648068669527893,0.0,0.0
453,0.13197424892703863,0.12121212121212122,0.0,0.13197424892703863,0.0,0.0
454,0.16416309012875535,0.16363636363636364,0.125,0.0946351931330472,0.0,0.0
455,0.08047210300429185,0.06060606060606061,0.0625,0.05793991416309013,0.0,0.0
456,0.35085836909871243,0.36363636363636365,0.0,0.35085836909871243,0.0,0.0
457,0.03755364806866953,0.030303030303030304,0.0,0.03755364806866952,0.0,0.0
458,0.13304721030042918,0.11515151515151516,0.0,0.13304721030042918,0.0,0.0
459,0.7778969957081545,0.7696969696969697,0.0625,0.5810085836909871,0.0,0.0
460,0.34120171673819744,0.3090909090909091,0.0,0.3412017167381974,0.0,0.0
461,0.18454935622317598,0.18787878787878787,0.0,0.18454935622317598,0.0,0.0
462,0.030042918454935622,0.030303030303030304,0.0,0.030042918454935622,0.0,0.0
463,0.1459227467811159,0.16363636363636364,0.0,0.1459227467811159,0.0,0.0
464,0.22639484978540772,0.21818181818181817,0.0,0.2263948497854077,0.0,0.0
465,0.5568669527896996,0.5636363636363636,0.25,0.23313917841814838,0.0,0.0
466,0.3626609442060086,0.3575757575757576,0.0,0.3626609442060086,0.0,0.0
467,0.1984978540772532,0.2,0.4375,0.052789699570815446,0.0,0.0
468,0.03969957081545064,0.03636363636363636,0.0,0.03969957081545064,0.0,0.0
469,0.1072961373390558,0.09090909090909091,0.0,0.1072961373390558,0.0,0.0
470,0.12124463519313304,0.11515151515151516,0.0,0.12124463519313303,0.0,0.0
471,0.08261802575107297,0.06060606060606061,0.0,0.08261802575107297,0.0,0.0
472,0.30364806866952787,0.2606060606060606,0.0,0.30364806866952787,0.0,0.0
473,0.048283261802575105,0.048484848484848485,0.0625,0.03379828326180257,0.0,0.0
474,0.3315450643776824,0.3393939393939394,0.0,0.3315450643776824,0.0,0.0
475,0.3487124463519313,0.2787878787878788,0.25,0.1439301042305334,0.0,0.0
476,0.16416309012875535,0.15757575757575756,0.0,0.16416309012875535,0.0,0.0
477,0.13733905579399142,0.12121212121212122,0.0,0.1373390557939914,0.0,0.0
478,0.05257510729613734,0.03636363636363636,0.0,0.05257510729613733,0.0,0.0
479,0.26931330472103004,0.2606060606060606,0.0,0.26931330472103004,0.0,0.0
480,0.40450643776824036,0.40606060606060607,0.25,0.167841814837523,0.0,0.0
481,0.0740343347639485,0.06060606060606061,0.125,0.04055793991416309,0.0,0.0
482,0.06759656652360516,0.05454545454545454,0.0,0.06759656652360514,0.0,0.0
483,0.04721030042918455,0.03636363636363636,0.0,0.04721030042918455,0.0,0.0
484,0.045064377682403435,0.04242424242424243,0.0,0.04506437768240343,0.0,0.0
485,0.0740343347639485,0.06666666666666667,0.0,0.0740343347639485,0.0,0.0
486,0.10944206008583691,0.07878787878787878,0.3125,0.03500536480686695,0.0,0.0
487,0.06330472103004292,0.030303030303030304,0.0,0.06330472103004292,0.0,0.0
488,0.17703862660944206,0.15757575757575756,0.0,0.17703862660944206,0.0,0.0
489,0.7864806866952789,0.8,0.0,0.7864806866952789,0.0,0.0
490,0.19313304721030042,0.19393939393939394,0.0,0.19313304721030042,0.0,0.0
491,0.1684549356223176,0.1393939393939394,0.0,0.1684549356223176,0.0,0.0
492,0.05472103004291846,0.03636363636363636,0.0,0.05472103004291845,0.0,0.0
493,0.47532188841201717,0.44242424242424244,0.0,0.4753218884120171,0.0,0.0
494,0.06437768240343347,0.06060606060606061,0.0,0.06437768240343347,0.0,0.0
495,0.44313304721030045,0.41818181818181815,0.0,0.4431330472103004,0.0,0.0
496,0.032188841201716736,0.024242424242424242,0.0,0.032188841201716736,0.0,0.0
497,0.07081545064377683,0.06666666666666667,0.0,0.07081545064377683,0.0,0.0
498,0.10193133047210301,0.08484848484848485,0.0,0.101931330472103,0.0,0.0
499,0.07832618025751073,0.06060606060606061,0.0,0.07832618025751072,0.0,0.0
500,0.09871244635193133,0.07272727272727272,0.0,0.09871244635193131,0.0,0.0
501,0.03648068669527897,0.030303030303030304,0.0,0.03648068669527897,0.0,0.0
502,0.4967811158798283,0.45454545454545453,0.1875,0.24356223175965666,0.0,0.0
503,0.17274678111587982,0.16363636363636364,0.0,0.17274678111587982,0.0,0.0
504,0.06974248927038626,0.07878787878787878,0.0,0.06974248927038626,0.0,0.0
505,0.09978540772532189,0.09090909090909091,0.0,0.09978540772532188,0.0,0.0
506,0.1759656652360515,0.12727272727272726,0.3125,0.05995171673819742,0.0,0.0
507,0.34227467811158796,0.30303030303030304,0.0,0.34227467811158796,0.0,0.0
508,0.08798283261802575,0.07272727272727272,0.0,0.08798283261802574,0.0,0.0
509,0.13733905579399142,0.15151515151515152,0.25,0.0533415082771306,0.0,0.0
510,0.015021459227467811,0.012121212121212121,0.0,0.015021459227467811,0.0,0.0
511,0.016094420600858368,0.006060606060606061,0.0,0.016094420600858368,0.0,0.0
512,0.13197424892703863,0.15151515151515152,0.0625,0.09656652360515021,0.0,0.0
513,0.10836909871244635,0.09696969696969697,0.0,0.10836909871244634,0.0,0.0
514,0.990343347639485,0.896969696969697,0.0,0.990343347639485,0.0,0.0
515,0.05257510729613734,0.03636363636363636,0.25,0.017014101778050274,0.0,0.0
516,0.05257510729613734,0.048484848484848485,0.0,0.05257510729613733,0.0,0.0
517,0.1609442060085837,0.15151515151515152,0.0,0.16094420600858367,0.0,0.0
518,0.045064377682403435,0.01818181818181818,0.0,0.04506437768240343,0.0,0.0
519,0.04184549356223176,0.024242424242424242,0.0,0.04184549356223176,0.0,0.0
520,0.10515021459227468,0.08484848484848485,0.0,0.10515021459227467,0.0,0.0
521,0.7092274678111588,0.696969696969697,0.4375,0.20600858369098712,0.058823529411764705,0.0
522,0.10622317596566523,0.10303030303030303,0.0625,0.07725321888412016,0.0,0.0
523,0.1630901287553648,0.12727272727272726,0.0,0.1630901287553648,0.0,0.0
524,0.0944206008583691,0.08484848484848485,0.0,0.09442060085836909,0.0,0.0
525,0.1609442060085837,0.13333333333333333,0.0,0.16094420600858367,0.0,0.0
526,0.47639484978540775,0.503030303030303,0.0,0.4763948497854077,0.0,0.0
527,0.033261802575107295,0.03636363636363636,0.0,0.033261802575107295,0.0,0.0
528,0.2778969957081545,0.24242424242424243,0.0,0.27789699570815446,0.0,0.0
529,0.40450643776824036,0.38181818181818183,0.0,0.40450643776824036,0.11764705882352941,0.0
530,0.043991416309012876,0.030303030303030304,0.0,0.04399141630901287,0.0,0.0
531,0.17167381974248927,0.15757575757575756,0.0,0.17167381974248927,0.0,0.0
532,0.04184549356223176,0.030303030303030304,0.0,0.04184549356223176,0.0,0.0
533,0.10622317596566523,0.10303030303030303,0.0,0.10622317596566523,0.0,0.0
534,0.41952789699570814,0.4,0.0625,0.31223175965665234,0.0,0.0
535,0.8218884120171673,0.696969696969697,0.0,0.8218884120171672,0.0,0.0
536,0.15450643776824036,0.10303030303030303,0.0,0.15450643776824033,0.0,0.0
537,0.07081545064377683,0.06666666666666667,0.1875,0.030579399141630898,0.0,0.0
538,0.3540772532188841,0.3515151515151515,0.1875,0.17221030042918453,0.0,0.0
539,0.11373390557939914,0.09696969696969697,0.0,0.11373390557939914,0.0,0.0
540,0.3111587982832618,0.3393939393939394,0.25,0.12783568362967504,0.0,0.0
541,0.06974248927038626,0.05454545454545454,0.0,0.06974248927038626,0.0,0.0
542,0.06652360515021459,0.048484848484848485,0.0625,0.047478540772532184,0.0,0.0
543,0.060085836909871244,0.05454545454545454,0.0,0.060085836909871244,0.0,0.0
544,0.1223175965665236,0.10909090909090909,0.0,0.12231759656652359,0.0,0.0
545,0.1223175965665236,0.10303030303030303,0.375,0.03433476394849785,0.0,0.0
546,0.015021459227467811,0.006060606060606061,0.0,0.015021459227467811,0.0,0.0
547,0.02467811158798283,0.006060606060606061,0.0,0.024678111587982828,0.0,0.0
548,0.03969957081545064,0.030303030303030304,0.0,0.03969957081545064,0.0,0.0
549,0.0815450643776824,0.06666666666666667,0.0,0.0815450643776824,0.0,0.0
550,0.13197424892703863,0.10909090909090909,0.0,0.13197424892703863,0.0,0.0
551,0.033261802575107295,0.012121212121212121,0.0,0.033261802575107295,0.0,0.0
552,0.0407725321888412,0.01818181818181818,0.0,0.0407725321888412,0.0,0.0
553,0.3090128755364807,0.3151515151515151,0.0,0.30901287553648066,0.0,0.0
554,0.2167381974248927,0.18181818181818182,0.0,0.21673819742489267,0.0,0.0
555,0.048283261802575105,0.03636363636363636,0.0,0.048283261802575105,0.0,0.0
556,0.5107296137339056,0.46060606060606063,0.1875,0.25053648068669526,0.0,0.0
557,0.008583690987124463,0.006060606060606061,0.0,0.008583690987124463,0.0,0.0
558,0.1351931330472103,0.11515151515151516,0.0,0.13519313304721028,0.0,0.0
559,0.12875536480686695,0.12727272727272726,0.125,0.07339055793991416,0.0,0.0
560,0.0815450643776824,0.08484848484848485,0.0625,0.05874463519313304,0.0,0.0
561,0.03862660944206009,0.01818181818181818,0.0,0.03862660944206008,0.0,0.0
562,0.1684549356223176,0.16363636363636364,0.0,0.1684549356223176,0.0,0.0
563,0.03755364806866953,0.024242424242424242,0.0,0.03755364806866952,0.0,0.0
564,0.17381974248927037,0.1696969696969697,0.25,0.068976088289393,0.0,0.0
565,0.11695278969957082,0.10303030303030303,0.0625,0.08530042918454935,0.0,0.0
566,0.398068669527897,0.3696969696969697,0.0,0.398068669527897,0.0,0.0
567,0.0815450643776824,0.06666666666666667,0.0,0.0815450643776824,0.0,0.0
568,0.15343347639484978,0.15151515151515152,0.0,0.15343347639484978,0.0,0.0
569,0.6448497854077253,0.6424242424242425,0.875,0.10584448371623327,0.0,0.0
570,0.11587982832618025,0.09696969696969697,0.0,0.11587982832618025,0.0,0.0
571,0.16738197424892703,0.1393939393939394,0.0,0.16738197424892703,0.0,0.0
572,0.23819742489270387,0.24848484848484848,0.0,0.23819742489270385,0.0,0.0
573,0.22424892703862662,0.21212121212121213,0.25,0.09058859595340281,0.0,0.0
574,0.059012875536480686,0.03636363636363636,0.0,0.05901287553648068,0.0,0.0
575,0.13626609442060086,0.13333333333333333,0.0,0.13626609442060086,0.0,0.0
576,0.23927038626609443,0.21212121212121213,0.25,0.09702636419374618,0.0,0.0
577,0.08369098712446352,0.07878787878787878,0.0,0.08369098712446352,0.0,0.0
578,0.07296137339055794,0.048484848484848485,0.0,0.07296137339055794,0.0,0.0
579,0.36587982832618027,0.3696969696969697,0.0,0.36587982832618027,0.0,0.0
580,0.17274678111587982,0.18181818181818182,0.0,0.17274678111587982,0.0,0.0
581,0.09656652360515021,0.08484848484848485,0.125,0.05407725321888412,0.0,0.0
582,0.07832618025751073,0.07272727272727272,0.0,0.07832618025751072,0.0,0.0
583,0.06330472103004292,0.03636363636363636,0.0,0.06330472103004292,0.0,0.0
584,0.4592274678111588,0.49696969696969695,0.0,0.45922746781115875,0.0,0.0
585,0.14163090128755365,0.10909090909090909,0.0,0.14163090128755365,0.0,0.0
586,0.0944206008583691,0.09090909090909091,0.0,0.09442060085836909,0.0,0.0
587,0.10085836909871244,0.10303030303030303,0.0625,0.07322961373390557,0.0,0.0
588,0.11266094420600858,0.10303030303030303,0.0,0.11266094420600857,0.0,0.0
589,0.13412017167381973,0.12727272727272726,0.0,0.13412017167381973,0.0,0.0
590,0.2553648068669528,0.23030303030303031,0.625,0.05150214592274678,0.0,0.0
591,0.02575107296137339,0.006060606060606061,0.0,0.02575107296137339,0.0,0.0
592,0.027896995708154508,0.024242424242424242,0.0,0.0278969957081545,0.0,0.0
593,0.17489270386266095,0.1696969696969697,0.0,0.17489270386266095,0.0,0.0
594,0.02575107296137339,0.01818181818181818,0.0,0.02575107296137339,0.0,0.0
595,0.08261802575107297,0.06060606060606061,0.0,0.08261802575107297,0.0,0.0
596,0.3583690987124464,0.37575757575757573,0.0,0.3583690987124463,0.0,0.0
597,0.1630901287553648,0.1696969696969697,0.3125,0.05512339055793991,0.0,0.0
598,0.09978540772532189,0.09090909090909091,0.0,0.09978540772532188,0.0,0.0
599,0.2832618025751073,0.22424242424242424,0.0,0.2832618025751073,0.0,0.0
600,0.1963519313304721,0.20606060606060606,0.0,0.1963519313304721,0.0,0.0
601,0.043991416309012876,0.024242424242424242,0.0,0.04399141630901287,0.0,0.0
602,0.055793991416309016,0.048484848484848485,0.0,0.055793991416309,0.0,0.0
603,0.4184549356223176,0.40606060606060607,0.0,0.41845493562231756,0.0,0.0
604,0.06866952789699571,0.05454545454545454,0.0,0.0686695278969957,0.0,0.0
605,0.023605150214592276,0.01818181818181818,0.0,0.023605150214592276,0.0,0.0
606,0.16416309012875535,0.15757575757575756,0.1875,0.07725321888412016,0.0,0.0
607,0.048283261802575105,0.04242424242424243,0.0,0.048283261802575105,0.0,0.0
608,0.04184549356223176,0.024242424242424242,0.0,0.04184549356223176,0.0,0.0
609,0.30793991416309013,0.2727272727272727,0.0,0.30793991416309013,0.0,0.0
610,0.21351931330472104,0.20606060606060606,0.0,0.21351931330472101,0.0,0.0
611,0.0890557939914163,0.08484848484848485,0.0,0.0890557939914163,0.0,0.0
612,0.16738197424892703,0.19393939393939394,0.0,0.16738197424892703,0.0,0.0
613,0.043991416309012876,0.03636363636363636,0.0,0.04399141630901287,0.0,0.0
614,0.1072961373390558,0.09090909090909091,0.0,0.1072961373390558,0.0,0.0
615,0.15021459227467812,0.12727272727272726,0.0,0.1502145922746781,0.0,0.0
616,0.19098712446351931,0.18181818181818182,0.0,0.19098712446351931,0.0,0.0
617,0.055793991416309016,0.030303030303030304,0.0,0.055793991416309,0.0,0.0
618,0.032188841201716736,0.01818181818181818,0.0,0.032188841201716736,0.0,0.0
619,0.1148068669527897,0.11515151515151516,0.0,0.11480686695278969,0.0,0.0
620,0.15879828326180256,0.16363636363636364,0.0,0.15879828326180256,0.0,0.0
621,0.09978540772532189,0.06060606060606061,0.0,0.09978540772532188,0.0,0.0
622,0.22210300429184548,0.22424242424242424,0.0,0.22210300429184548,0.0,0.0
623,0.23927038626609443,0.23030303030303031,0.0,0.2392703862660944,0.0,0.0
624,0.15665236051502146,0.13333333333333333,0.0,0.15665236051502143,0.0,0.0
625,0.06545064377682404,0.07878787878787878,0.0,0.06545064377682402,0.0,0.875
626,0.12124463519313304,0.10303030303030303,0.0,0.12124463519313303,0.0,0.0
627,0.08690987124463519,0.07878787878787878,0.0,0.08690987124463519,0.0,0.0
628,0.08047210300429185,0.05454545454545454,0.0,0.08047210300429183,0.0,0.0
629,0.11373390557939914,0.09696969696969697,0.0,0.11373390557939914,0.0,0.0
630,0.19098712446351931,0.15151515151515152,0.0,0.19098712446351931,0.0,0.0
631,0.13090128755364808,0.09696969696969697,0.0625,0.09576180257510729,0.0,0.0
632,0.06545064377682404,0.04242424242424243,0.1875,0.0278969957081545,0.0,0.0
633,0.24248927038626608,0.2606060606060606,0.125,0.14163090128755365,0.0,0.0
634,0.5472103004291845,0.4484848484848485,0.3125,0.1991684549356223,0.0,0.0
635,0.08261802575107297,0.05454545454545454,0.0,0.08261802575107297,0.0,0.0
636,0.0611587982832618,0.04242424242424243,0.0,0.061158798283261796,0.0,0.0
637,0.12339055793991416,0.10909090909090909,0.0,0.12339055793991416,0.0,0.0
638,0.3551502145922747,0.296969696969697,0.0,0.35515021459227464,0.0,0.0
639,0.24678111587982832,0.23030303030303031,0.25,0.10024524831391785,0.0,0.0
640,0.1276824034334764,0.12121212121212122,0.0625,0.09334763948497854,0.0,0.0
641,0.07832618025751073,0.05454545454545454,0.0,0.07832618025751072,0.0,0.0
642,0.11158798283261803,0.09696969696969697,0.0,0.111587982832618,0.0,0.0
643,0.361587982832618,0.3151515151515151,0.375,0.11409155937052931,0.0,0.0
644,0.16416309012875535,0.14545454545454545,0.0,0.16416309012875535,0.0,0.0
645,0.4291845493562232,0.37575757575757573,0.375,0.13662374821173104,0.0,0.0
646,0.0407725321888412,0.04242424242424243,0.0,0.0407725321888412,0.0,0.0
647,0.1813304721030043,0.18787878787878787,0.375,0.05400572246065808,0.0,0.0
648,0.10836909871244635,0.10303030303030303,0.0,0.10836909871244634,0.0,0.0
649,0.07725321888412018,0.06060606060606061,0.0,0.07725321888412016,0.0,0.0
650,0.10300429184549356,0.09696969696969697,0.0,0.10300429184549356,0.0,0.0
651,0.07188841201716738,0.05454545454545454,0.0,0.07188841201716738,0.0,0.0
652,0.027896995708154508,0.006060606060606061,0.0,0.0278969957081545,0.0,0.0
653,0.21030042918454936,0.21818181818181817,0.0,0.21030042918454933,0.0,0.0
654,0.2349785407725322,0.26666666666666666,0.0625,0.17381974248927037,0.0,0.0
655,0.14163090128755365,0.13333333333333333,0.375,0.0407725321888412,0.0,0.0
656,0.06545064377682404,0.04242424242424243,0.0,0.06545064377682402,0.0,0.0
657,0.09120171673819742,0.07272727272727272,0.0,0.09120171673819742,0.0,0.0
658,0.17489270386266095,0.18181818181818182,0.25,0.06943592887798897,0.0,0.0
659,0.028969957081545063,0.024242424242424242,0.0,0.028969957081545063,0.0,0.0
660,0.05257510729613734,0.030303030303030304,0.0,0.05257510729613733,0.0,0.0
661,0.2296137339055794,0.22424242424242424,0.125,0.13390557939914163,0.0,0.0
662,0.1298283261802575,0.10909090909090909,0.0,0.1298283261802575,0.0,0.0
663,0.07510729613733906,0.07272727272727272,0.0,0.07510729613733905,0.0,0.0
664,0.1630901287553648,0.15151515151515152,0.0,0.1630901287553648,0.0,0.0
665,0.05042918454935622,0.030303030303030304,0.0,0.05042918454935622,0.0,0.0
666,0.3111587982832618,0.3393939393939394,0.0,0.3111587982832618,0.0,0.0
667,0.1781115879828326,0.15757575757575756,0.0,0.1781115879828326,0.0,0.0
668,0.017167381974248927,0.0,0.0,0.017167381974248924,0.0,0.0
669,0.2778969957081545,0.2727272727272727,0.0,0.27789699570815446,0.0,0.0
670,0.16738197424892703,0.1696969696969697,0.0,0.16738197424892703,0.0,0.0
671,0.4313304721030043,0.42424242424242425,0.4375,0.12263948497854077,0.0,0.0
672,0.17274678111587982,0.1393939393939394,0.0,0.17274678111587982,0.0,0.0
673,0.1984978540772532,0.17575757575757575,0.0,0.1984978540772532,0.0,0.0
674,0.011802575107296138,0.006060606060606061,0.0,0.011802575107296138,0.0,0.0
675,0.16952789699570817,0.17575757575757575,0.0,0.16952789699570814,0.0,0.0
676,0.19206008583690987,0.18787878787878787,0.0,0.19206008583690984,0.0,0.0
677,0.07510729613733906,0.05454545454545454,0.0,0.07510729613733905,0.0,0.0
678,0.45064377682403434,0.4121212121212121,0.0,0.4506437768240343,0.0,0.0
679,0.1223175965665236,0.09090909090909091,0.0,0.12231759656652359,0.0,0.0
680,0.18669527896995708,0.16363636363636364,0.0,0.18669527896995708,0.0,0.0
681,0.2939914163090129,0.296969696969697,0.0,0.2939914163090128,0.0,0.0
682,0.04935622317596566,0.05454545454545454,0.0,0.049356223175965656,0.0,0.0
683,0.07296137339055794,0.06060606060606061,0.0,0.07296137339055794,0.0,0.0
684,0.06652360515021459,0.04242424242424243,0.0,0.06652360515021459,0.0,0.0
685,0.03969957081545064,0.024242424242424242,0.0,0.03969957081545064,0.0,0.0
686,0.25858369098712447,0.2606060606060606,0.5625,0.057403433476394844,0.0,0.0
687,0.12660944206008584,0.10303030303030303,0.0,0.12660944206008584,0.0,0.0
688,0.08261802575107297,0.06666666666666667,0.0,0.08261802575107297,0.0,0.0
689,0.1609442060085837,0.14545454545454545,0.625,0.029712776493892368,0.0,0.0
690,0.0536480686695279,0.06060606060606061,0.0,0.0536480686695279,0.0,0.0
691,0.07296137339055794,0.07272727272727272,0.0,0.07296137339055794,0.0,0.0
692,0.259656652360515,0.26666666666666666,0.0,0.259656652360515,0.0,0.0
693,0.08261802575107297,0.08484848484848485,0.3125,0.02494635193133047,0.0,0.0
694,0.06545064377682404,0.05454545454545454,0.0,0.06545064377682402,0.0,0.0
695,0.02145922746781116,0.006060606060606061,0.0,0.021459227467811155,0.0,0.0
696,0.15236051502145923,0.1393939393939394,0.0,0.15236051502145923,0.0,0.0
697,0.10407725321888411,0.08484848484848485,0.0,0.10407725321888413,0.0,0.0
698,0.1148068669527897,0.09090909090909091,0.125,0.0650214592274678,0.0,0.0
699,0.17381974248927037,0.13333333333333333,0.0,0.17381974248927037,0.0,0.0
700,0.1072961373390558,0.09090909090909091,0.0,0.1072961373390558,0.0,0.0
701,0.06330472103004292,0.05454545454545454,0.0,0.06330472103004292,0.0,0.0
702,0.06223175965665236,0.07272727272727272,0.0,0.062231759656652355,0.0,0.0
703,0.3487124463519313,0.3393939393939394,0.0,0.34871244635193127,0.23529411764705882,0.4375
704,0.0944206008583691,0.09090909090909091,0.0,0.09442060085836909,0.0,0.0
705,0.05793991416309013,0.048484848484848485,0.0,0.05793991416309013,0.0,0.0
706,0.2778969957081545,0.26666666666666666,0.0,0.27789699570815446,0.0,0.0
707,0.1791845493562232,0.1696969696969697,0.0,0.17918454935622316,0.0,0.0
708,0.06223175965665236,0.048484848484848485,0.0,0.062231759656652355,0.0,0.0
709,0.15128755364806867,0.13333333333333333,0.0,0.15128755364806867,0.0,0.0
710,0.043991416309012876,0.030303030303030304,0.0,0.04399141630901287,0.0,0.0
711,0.0740343347639485,0.05454545454545454,0.0,0.0740343347639485,0.0,0.0
712,0.06866952789699571,0.03636363636363636,0.0,0.0686695278969957,0.0,0.0
713,0.15343347639484978,0.15151515151515152,0.0625,0.11266094420600857,0.0,0.0
714,0.17274678111587982,0.1696969696969697,0.0,0.17274678111587982,0.0,0.0
715,0.2532188841201717,0.20606060606060606,0.0625,0.1875,0.0,0.0
716,0.23605150214592274,0.22424242424242424,0.5625,0.05177038626609441,0.0,0.0
717,0.15665236051502146,0.1393939393939394,0.0,0.15665236051502143,0.0,0.0
718,0.23927038626609443,0.2,0.0,0.2392703862660944,0.0,0.0
719,0.10515021459227468,0.08484848484848485,0.0,0.10515021459227467,0.0,0.0
720,0.2553648068669528,0.2,0.0,0.25536480686695273,0.0,0.0
721,0.10407725321888411,0.09696969696969697,0.0,0.10407725321888413,0.0,0.0
722,0.055793991416309016,0.04242424242424243,0.0,0.055793991416309,0.0,0.0
723,0.2800429184549356,0.26666666666666666,0.0,0.2800429184549356,0.0,0.0
724,0.3959227467811159,0.41818181818181815,0.25,0.16416309012875535,0.0,0.0
725,0.76931330472103,0.696969696969697,1.0,0.11333860402078155,0.0,0.0
726,0.3090128755364807,0.3393939393939394,0.0,0.30901287553648066,0.0,0.0
727,0.04721030042918455,0.04242424242424243,0.0,0.04721030042918455,0.0,0.0
728,0.09120171673819742,0.07878787878787878,0.0,0.09120171673819742,0.0,0.0
729,0.0740343347639485,0.05454545454545454,0.0,0.0740343347639485,0.0,0.0
730,0.08583690987124463,0.08484848484848485,0.0,0.08583690987124463,0.0,0.0
731,0.07832618025751073,0.06666666666666667,0.0,0.07832618025751072,0.0,0.0
732,0.10407725321888411,0.09090909090909091,0.0,0.10407725321888413,0.0,0.0
733,0.2145922746781116,0.20606060606060606,0.0,0.2145922746781116,0.0,0.0
734,0.2607296137339056,0.21818181818181817,0.0,0.2607296137339056,0.0,0.0
735,0.1684549356223176,0.1696969696969697,0.0625,0.12392703862660943,0.0,0.0
736,0.14484978540772533,0.14545454545454545,0.0,0.1448497854077253,0.0,0.0
737,0.6813304721030042,0.7333333333333333,0.0,0.6813304721030042,0.0,0.0
738,0.017167381974248927,0.0,0.0,0.017167381974248924,0.0,0.0
739,0.09763948497854077,0.07272727272727272,0.0625,0.07081545064377683,0.0,0.0
740,0.08690987124463519,0.08484848484848485,0.0,0.08690987124463519,0.0,0.0
741,0.10515021459227468,0.09090909090909091,0.0,0.10515021459227467,0.0,0.0
742,0.03862660944206009,0.03636363636363636,0.0,0.03862660944206008,0.0,0.0
743,0.08798283261802575,0.07878787878787878,0.0,0.08798283261802574,0.0,0.0
744,0.14914163090128754,0.12727272727272726,0.0,0.14914163090128754,0.0,0.0
745,0.07618025751072961,0.06060606060606061,0.0,0.07618025751072961,0.0,0.0
746,0.20708154506437768,0.17575757575757575,0.0625,0.1528969957081545,0.0,0.0
747,0.11266094420600858,0.10303030303030303,0.0,0.11266094420600857,0.0,0.0
748,0.18669527896995708,0.15757575757575756,0.125,0.10815450643776824,0.0,0.0
749,0.453862660944206,0.44242424242424244,0.0,0.45386266094420596,0.0,0.0
750,0.06974248927038626,0.06666666666666667,0.0,0.06974248927038626,0.0,0.0
751,0.02682403433476395,0.006060606060606061,0.0,0.02682403433476395,0.0,0.0
752,0.0407725321888412,0.030303030303030304,0.0,0.0407725321888412,0.0,0.0
753,0.4978540772532189,0.5818181818181818,0.125,0.2948497854077253,0.0,0.0
754,0.21351931330472104,0.20606060606060606,0.125,0.12424892703862661,0.0,0.0
755,0.13090128755364808,0.11515151515151516,0.0,0.13090128755364805,0.0,0.0
756,0.05042918454935622,0.05454545454545454,0.0,0.05042918454935622,0.0,0.0
757,0.09763948497854077,0.07878787878787878,0.0,0.09763948497854077,0.0,0.0
758,0.09012875536480687,0.05454545454545454,0.0,0.09012875536480686,0.0,0.0
759,0.26931330472103004,0.28484848484848485,0.0,0.26931330472103004,0.0,0.0
760,0.2628755364806867,0.24848484848484848,0.3125,0.09254291845493562,0.0,0.0
761,0.1459227467811159,0.11515151515151516,0.0,0.1459227467811159,0.0,0.0
762,0.13412017167381973,0.13333333333333333,0.0,0.13412017167381973,0.0,0.0
763,0.23283261802575106,0.23030303030303031,0.25,0.09426732066217045,0.0,0.0
764,0.2778969957081545,0.2909090909090909,0.0,0.27789699570815446,0.0,0.0
765,0.2113733905579399,0.20606060606060606,0.25,0.08507050889025138,0.0,0.0
766,0.0203862660944206,0.012121212121212121,0.0,0.0203862660944206,0.0,0.0
767,0.10085836909871244,0.09090909090909091,0.0,0.10085836909871244,0.0,0.0
768,0.11051502145922747,0.09696969696969697,0.0,0.11051502145922747,0.0,0.0
769,0.5472103004291845,0.5151515151515151,0.4375,0.15740343347639482,0.0,0.0
770,0.2778969957081545,0.23636363636363636,0.25,0.11358062538320048,0.0,0.0
771,0.09656652360515021,0.09696969696969697,0.0,0.09656652360515021,0.0,0.0
772,0.023605150214592276,0.006060606060606061,0.0,0.023605150214592276,0.0,0.0
773,0.02575107296137339,0.012121212121212121,0.0,0.02575107296137339,0.0,0.0
774,0.08798283261802575,0.06060606060606061,0.0,0.08798283261802574,0.0,0.0
775,0.20278969957081544,0.17575757575757575,0.125,0.11781115879828326,0.0,0.0
776,0.30042918454935624,0.296969696969697,0.1875,0.1453862660944206,0.0,0.0
777,0.055793991416309016,0.05454545454545454,0.0,0.055793991416309,0.0,0.0
778,0.21888412017167383,0.21818181818181817,0.0625,0.1617489270386266,0.17647058823529413,0.0
779,0.22532188841201717,0.21212121212121213,0.0,0.22532188841201714,0.0,0.0
780,0.10300429184549356,0.09696969696969697,0.0,0.10300429184549356,0.0,0.0
781,0.3594420600858369,0.37575757575757573,0.0625,0.2671673819742489,0.0,0.0
782,0.028969957081545063,0.024242424242424242,0.0,0.028969957081545063,0.0,0.0
783,0.017167381974248927,0.01818181818181818,0.0,0.017167381974248924,0.0,0.0
784,0.06545064377682404,0.05454545454545454,0.0,0.06545064377682402,0.0,0.0
785,0.315450643776824,0.3212121212121212,0.375,0.09871244635193131,0.0,0.0
786,0.33583690987124465,0.296969696969697,0.625,0.07007263123142951,0.0,0.0
787,0.20815450643776823,0.1696969696969697,0.0,0.20815450643776826,0.0,0.0
788,0.18991416309012876,0.2,0.0,0.18991416309012873,0.0,0.0
789,0.388412017167382,0.36363636363636365,0.125,0.22918454935622318,0.0,0.0
790,0.10407725321888411,0.09090909090909091,0.125,0.05858369098712446,0.0,0.0
791,0.1148068669527897,0.09090909090909091,0.0,0.11480686695278969,0.0,0.0
792,0.286480686695279,0.26666666666666666,0.125,0.16802575107296136,0.0,0.0
793,0.07832618025751073,0.05454545454545454,0.0,0.07832618025751072,0.0,0.0
794,0.38090128755364805,0.34545454545454546,0.75,0.0684549356223176,0.0,0.0
795,0.09012875536480687,0.09696969696969697,0.0,0.09012875536480686,0.0,0.0
796,0.05042918454935622,0.03636363636363636,0.0,0.05042918454935622,0.0,0.0
797,0.0944206008583691,0.08484848484848485,0.0,0.09442060085836909,0.0,0.0
798,0.07296137339055794,0.05454545454545454,0.0,0.07296137339055794,0.0,0.0
799,0.16201716738197425,0.1393939393939394,0.0,0.16201716738197425,0.0,0.0
800,0.45493562231759654,0.48484848484848486,0.25,0.18945432250153277,0.0,0.0
801,0.003218884120171674,0.0,0.0,0.003218884120171674,0.0,0.0
802,0.06330472103004292,0.06060606060606061,0.0,0.06330472103004292,0.0,0.0
803,0.19313304721030042,0.15757575757575756,0.0625,0.14243562231759654,0.0,0.0
804,0.8412017167381974,0.8363636363636363,0.125,0.5008583690987124,0.11764705882352941,0.0
805,0.09012875536480687,0.06060606060606061,0.0,0.09012875536480686,0.0,0.0
806,0.3497854077253219,0.34545454545454546,0.0,0.3497854077253219,0.0,0.0
807,0.06974248927038626,0.04242424242424243,0.0,0.06974248927038626,0.0,0.0
808,0.13841201716738197,0.09696969696969697,0.1875,0.06437768240343347,0.0,0.0
809,0.09227467811158799,0.09696969696969697,0.1875,0.04130901287553648,0.0,0.0
810,0.0740343347639485,0.06060606060606061,0.0,0.0740343347639485,0.0,0.0
811,0.0815450643776824,0.06060606060606061,0.0,0.0815450643776824,0.0,0.0
812,0.17274678111587982,0.18181818181818182,0.0,0.17274678111587982,0.0,0.0
813,0.03862660944206009,0.01818181818181818,0.0,0.03862660944206008,0.0,0.0
814,0.0815450643776824,0.07878787878787878,0.0,0.0815450643776824,0.0,0.0
815,0.0536480686695279,0.04242424242424243,0.0,0.0536480686695279,0.0,0.0
816,0.03111587982832618,0.012121212121212121,0.0,0.031115879828326178,0.0,0.0
817,0.16201716738197425,0.17575757575757575,0.0,0.16201716738197425,0.0,0.0
818,0.08047210300429185,0.07272727272727272,0.0,0.08047210300429183,0.0,0.0
819,0.22424892703862662,0.23030303030303031,0.0,0.22424892703862662,0.0,0.0
820,0.022532188841201718,0.006060606060606061,0.0,0.022532188841201714,0.0,0.0
821,0.03862660944206009,0.024242424242424242,0.0,0.03862660944206008,0.0,0.0
822,0.47103004291845496,0.48484848484848486,0.125,0.2787553648068669,0.0,0.0
823,0.14484978540772533,0.13333333333333333,0.0,0.1448497854077253,0.0,0.0
824,0.5075107296137339,0.509090909090909,0.0,0.5075107296137339,0.0,0.0
825,0.36587982832618027,0.3696969696969697,0.0,0.36587982832618027,0.0,0.0
826,0.10193133047210301,0.10303030303030303,0.0,0.101931330472103,0.0,0.0
827,0.4967811158798283,0.503030303030303,0.0,0.4967811158798283,0.0,0.0
828,0.060085836909871244,0.048484848484848485,0.0,0.060085836909871244,0.0,0.0
829,0.08690987124463519,0.07878787878787878,0.0,0.08690987124463519,0.0,0.0
830,0.07188841201716738,0.06666666666666667,0.0,0.07188841201716738,0.0,0.0
831,0.2811158798283262,0.23030303030303031,0.375,0.08726752503576538,0.0,0.0
832,0.18776824034334763,0.18787878787878787,0.0,0.18776824034334763,0.0,0.0
833,0.0944206008583691,0.10303030303030303,0.0,0.09442060085836909,0.0,0.0
834,0.02575107296137339,0.024242424242424242,0.0,0.02575107296137339,0.0,0.0
835,0.5182403433476395,0.46060606060606063,0.0,0.5182403433476395,0.0,0.0
836,0.10407725321888411,0.07272727272727272,0.0,0.10407725321888413,0.0,0.0
837,0.030042918454935622,0.01818181818181818,0.0,0.030042918454935622,0.0,0.0
838,0.20815450643776823,0.20606060606060606,0.1875,0.09924892703862662,0.0,0.0
839,0.48605150214592274,0.47878787878787876,0.25,0.20278969957081544,0.0,0.0
840,0.033261802575107295,0.012121212121212121,0.0,0.033261802575107295,0.0,0.0
841,0.08690987124463519,0.06666666666666667,0.0,0.08690987124463519,0.0,0.0
842,0.28969957081545067,0.3090909090909091,0.0,0.2896995708154506,0.0,0.0
843,0.02145922746781116,0.012121212121212121,0.0,0.021459227467811155,0.0,0.0
844,0.046137339055793994,0.024242424242424242,0.0,0.04613733905579399,0.0,0.0
845,0.07188841201716738,0.06060606060606061,0.0,0.07188841201716738,0.0,0.0
846,0.09120171673819742,0.07272727272727272,0.0,0.09120171673819742,0.0,0.0
847,0.13733905579399142,0.12727272727272726,0.125,0.07854077253218883,0.0,0.0
848,0.23605150214592274,0.2545454545454545,0.0,0.23605150214592271,0.0,0.0
849,1.0,1.0,0.0,1.0,0.0,0.0
850,0.14484978540772533,0.13333333333333333,0.0,0.1448497854077253,0.0,0.0
851,0.09763948497854077,0.08484848484848485,0.0,0.09763948497854077,0.0,0.0
852,0.1963519313304721,0.17575757575757575,0.0,0.1963519313304721,0.0,0.0
853,0.25,0.22424242424242424,0.0,0.25,0.0,0.0
854,0.1427038626609442,0.11515151515151516,0.0,0.1427038626609442,0.0,0.0
855,0.2532188841201717,0.2545454545454545,0.0,0.2532188841201717,0.0,0.0
856,0.30793991416309013,0.30303030303030304,0.0625,0.22854077253218882,0.0,0.0
857,0.08261802575107297,0.07272727272727272,0.0,0.08261802575107297,0.0,0.0
858,0.1405579399141631,0.12121212121212122,0.0,0.14055793991416307,0.0,0.0
859,0.06866952789699571,0.06666666666666667,0.0,0.0686695278969957,0.0,0.0
860,0.17489270386266095,0.15757575757575756,0.0,0.17489270386266095,0.0,0.0
861,0.022532188841201718,0.006060606060606061,0.0,0.022532188841201714,0.0,0.0
862,0.07618025751072961,0.06666666666666667,0.0,0.07618025751072961,0.0,0.0
863,0.019313304721030045,0.012121212121212121,0.0,0.01931330472103004,0.0,0.0
864,0.04935622317596566,0.048484848484848485,0.0,0.049356223175965656,0.0,0.0
865,0.016094420600858368,0.0,0.0,0.016094420600858368,0.0,0.0
866,0.10085836909871244,0.08484848484848485,0.0,0.10085836909871244,0.0,0.0
867,0.09978540772532189,0.09090909090909091,0.0,0.09978540772532188,0.0,0.0
868,0.04721030042918455,0.04242424242424243,0.0,0.04721030042918455,0.0,0.0
869,0.032188841201716736,0.01818181818181818,0.0,0.032188841201716736,0.0,0.0
870,0.1427038626609442,0.10909090909090909,0.0,0.1427038626609442,0.0,0.0
871,0.21244635193133046,0.18787878787878787,0.0,0.21244635193133046,0.0,0.0
872,0.03755364806866953,0.03636363636363636,0.0,0.03755364806866952,0.0,0.0
873,0.019313304721030045,0.01818181818181818,0.0,0.01931330472103004,0.0,0.0
874,0.2317596566523605,0.23030303030303031,0.25,0.09380748007357449,0.0,0.0
875,0.1781115879828326,0.15151515151515152,0.0,0.1781115879828326,0.0,0.0
876,0.1684549356223176,0.1696969696969697,0.0,0.1684549356223176,0.0,0.0
877,0.07188841201716738,0.06666666666666667,0.0,0.07188841201716738,0.0,0.0
878,0.12875536480686695,0.11515151515151516,0.0,0.12875536480686695,0.0,0.0
879,0.2757510729613734,0.2727272727272727,0.125,0.16158798283261802,0.0,0.0
880,0.14163090128755365,0.11515151515151516,0.0625,0.10380901287553647,0.0,0.0
881,0.3497854077253219,0.37575757575757573,0.0,0.3497854077253219,0.0,0.0
882,0.157725321888412,0.14545454545454545,0.25,0.0620784794604537,0.0,0.0
883,0.1072961373390558,0.11515151515151516,0.0625,0.07805793991416309,0.0,0.0
884,0.21244635193133046,0.18181818181818182,0.0,0.21244635193133046,0.0,0.0
885,0.022532188841201718,0.012121212121212121,0.0625,0.014484978540772532,0.0,0.0
886,0.1427038626609442,0.16363636363636364,0.1875,0.06652360515021459,0.0,0.0
887,0.07081545064377683,0.05454545454545454,0.0,0.07081545064377683,0.0,0.0
888,0.1459227467811159,0.13333333333333333,0.0,0.1459227467811159,0.0,0.0
889,0.09012875536480687,0.08484848484848485,0.0,0.09012875536480686,0.0,0.0
890,0.30579399141630903,0.2909090909090909,0.0,0.305793991416309,0.0,0.0
891,0.09763948497854077,0.09090909090909091,0.0,0.09763948497854077,0.0,0.0
892,0.02467811158798283,0.012121212121212121,0.0,0.024678111587982828,0.0,0.0
893,0.18454935622317598,0.18181818181818182,0.125,0.10686695278969957,0.0,0.0
894,0.2843347639484979,0.2545454545454545,0.0,0.2843347639484978,0.0,0.0
895,0.06223175965665236,0.04242424242424243,0.0,0.062231759656652355,0.0,0.0
896,0.02682403433476395,0.024242424242424242,0.0,0.02682403433476395,0.0,0.0
897,0.043991416309012876,0.030303030303030304,0.0,0.04399141630901287,0.0,0.0
898,0.07832618025751073,0.07878787878787878,0.0,0.07832618025751072,0.0,0.0
899,0.10407725321888411,0.09090909090909091,0.0,0.10407725321888413,0.0,0.0
900,0.21995708154506438,0.2,0.0,0.21995708154506435,0.0,0.0
901,0.10085836909871244,0.09696969696969697,0.0,0.10085836909871244,0.0,0.0
902,0.06866952789699571,0.05454545454545454,0.0,0.0686695278969957,0.0,0.0
903,0.3465665236051502,0.3333333333333333,0.0,0.3465665236051502,0.0,0.0
904,0.1255364806866953,0.14545454545454545,0.0,0.12553648068669526,0.0,0.0
905,0.018240343347639486,0.01818181818181818,0.0,0.018240343347639486,0.0,0.0
906,0.11266094420600858,0.09090909090909091,0.0,0.11266094420600857,0.0,0.0
907,0.1405579399141631,0.11515151515151516,0.0,0.14055793991416307,0.0,0.0
908,0.3540772532188841,0.3575757575757576,0.0,0.3540772532188841,0.0,0.0
909,0.0944206008583691,0.09090909090909091,0.0,0.09442060085836909,0.0,0.0
910,0.15879828326180256,0.1393939393939394,0.0,0.15879828326180256,0.0,0.0
911,0.022532188841201718,0.012121212121212121,0.0,0.022532188841201714,0.0,0.0
912,0.24034334763948498,0.17575757575757575,0.0,0.24034334763948498,0.0,0.0
913,0.26716738197424894,0.24848484848484848,0.0,0.2671673819742489,0.0,0.0
914,0.33476394849785407,0.3333333333333333,0.25,0.137952176578786,0.0,0.0
915,0.28969957081545067,0.2909090909090909,0.0,0.2896995708154506,0.0,0.0
916,0.0890557939914163,0.07272727272727272,0.0,0.0890557939914163,0.0,0.0
917,0.022532188841201718,0.024242424242424242,0.0,0.022532188841201714,0.0,0.0
918,0.0890557939914163,0.08484848484848485,0.0,0.0890557939914163,0.0,0.0
919,0.1459227467811159,0.14545454545454545,0.375,0.04220314735336194,0.0,0.0
920,0.36802575107296137,0.34545454545454546,0.0,0.3680257510729613,0.0,0.0
921,0.0890557939914163,0.06666666666666667,0.5625,0.015021459227467811,0.0,0.0
922,0.05150214592274678,0.048484848484848485,0.0,0.05150214592274678,0.0,0.0
923,0.13304721030042918,0.1393939393939394,0.0,0.13304721030042918,0.0,0.0
924,0.19313304721030042,0.18787878787878787,0.0,0.19313304721030042,0.0,0.0
925,0.03862660944206009,0.01818181818181818,0.0,0.03862660944206008,0.0,0.0
926,0.21351931330472104,0.21212121212121213,0.125,0.12424892703862661,0.0,0.0
927,0.2607296137339056,0.24848484848484848,0.0,0.2607296137339056,0.17647058823529413,0.0
928,0.08476394849785408,0.05454545454545454,0.0,0.08476394849785407,0.0,0.0
929,0.027896995708154508,0.012121212121212121,0.0,0.0278969957081545,0.0,0.0
930,0.23819742489270387,0.24242424242424243,0.0,0.23819742489270385,0.0,0.0
931,0.11909871244635194,0.07878787878787878,0.0,0.11909871244635192,0.0,0.0
932,0.30150214592274677,0.3333333333333333,0.0,0.30150214592274677,0.0,0.0
933,0.08047210300429185,0.09090909090909091,0.0,0.08047210300429183,0.0,0.0
934,0.5665236051502146,0.6181818181818182,0.0,0.5665236051502146,0.0,0.0
935,0.048283261802575105,0.04242424242424243,0.0,0.048283261802575105,0.0,0.0
936,0.05042918454935622,0.04242424242424243,0.0,0.05042918454935622,0.0,0.0
937,0.07725321888412018,0.09090909090909091,0.0,0.07725321888412016,0.0,0.0
938,0.048283261802575105,0.03636363636363636,0.0,0.048283261802575105,0.0,0.0
939,0.2371244635193133,0.19393939393939394,0.0,0.2371244635193133,0.0,0.0
940,0.1791845493562232,0.1696969696969697,0.0,0.17918454935622316,0.0,0.0
941,0.5160944206008584,0.503030303030303,0.0625,0.384656652360515,0.23529411764705882,0.0
942,0.055793991416309016,0.05454545454545454,0.0,0.055793991416309,0.0,0.0
943,0.04184549356223176,0.024242424242424242,0.0,0.04184549356223176,0.0,0.0
944,0.36587982832618027,0.3939393939393939,0.5,0.0927623878267655,0.0,0.0
945,0.08690987124463519,0.05454545454545454,0.0,0.08690987124463519,0.0,0.0
946,0.02575107296137339,0.006060606060606061,0.0,0.02575107296137339,0.0,0.0
947,0.07188841201716738,0.06666666666666667,0.0,0.07188841201716738,0.0,0.0
948,0.4871244635193133,0.49696969696969695,0.0,0.4871244635193133,0.0,0.0
949,0.15021459227467812,0.14545454545454545,0.0,0.1502145922746781,0.0,0.0
950,0.13090128755364808,0.10303030303030303,0.0,0.13090128755364805,0.0,0.0
951,0.34763948497854075,0.34545454545454546,0.5625,0.07966738197424893,0.0,0.0
952,0.08261802575107297,0.07272727272727272,0.0,0.08261802575107297,0.0,0.0
953,0.20708154506437768,0.19393939393939394,0.0,0.20708154506437765,0.0,1.0
954,0.07081545064377683,0.04242424242424243,0.0,0.07081545064377683,0.0,0.0
955,0.2349785407725322,0.24848484848484848,0.0,0.23497854077253216,0.0,0.0
956,0.07618025751072961,0.07878787878787878,0.0,0.07618025751072961,0.0,0.0
957,0.27360515021459225,0.28484848484848485,0.625,0.055711455926048196,0.0,0.0
958,0.03648068669527897,0.024242424242424242,0.0,0.03648068669527897,0.0,0.0
959,0.11695278969957082,0.10303030303030303,0.0,0.11695278969957082,0.0,0.0
960,0.315450643776824,0.32727272727272727,0.0,0.315450643776824,0.0,0.0
961,0.06652360515021459,0.06060606060606061,0.0,0.06652360515021459,0.0,0.0
962,0.06759656652360516,0.04242424242424243,0.0,0.06759656652360514,0.0,0.0
963,0.02682403433476395,0.01818181818181818,0.0,0.02682403433476395,0.0,0.0
964,0.07510729613733906,0.06666666666666667,0.0,0.07510729613733905,0.0,0.0
965,0.06330472103004292,0.04242424242424243,0.0,0.06330472103004292,0.0,0.0
966,0.2478540772532189,0.23636363636363636,0.125,0.1448497854077253,0.0,0.0
967,0.0536480686695279,0.048484848484848485,0.0,0.0536480686695279,0.0,0.0
968,0.03540772532188841,0.024242424242424242,0.0,0.03540772532188841,0.0,0.0
969,0.027896995708154508,0.024242424242424242,0.0,0.0278969957081545,0.0,0.0
970,0.08261802575107297,0.06666666666666667,0.0,0.08261802575107297,0.0,0.0
971,0.0611587982832618,0.05454545454545454,0.0,0.061158798283261796,0.0,0.0
972,0.13090128755364808,0.13333333333333333,0.0,0.13090128755364805,0.0,0.0
973,0.286480686695279,0.32727272727272727,0.0,0.28648068669527893,0.0,0.0
974,0.06652360515021459,0.048484848484848485,0.0,0.06652360515021459,0.0,0.0
975,0.028969957081545063,0.01818181818181818,0.0,0.028969957081545063,0.0,0.0
976,0.2296137339055794,0.21212121212121213,0.0,0.22961373390557938,0.0,0.0
977,0.18025751072961374,0.15757575757575756,0.0,0.1802575107296137,0.0,0.0
978,0.44957081545064376,0.3696969696969697,0.0,0.4495708154506437,0.0,0.0
979,0.09871244635193133,0.07272727272727272,0.0,0.09871244635193131,0.0,0.0
980,0.046137339055793994,0.05454545454545454,0.0,0.04613733905579399,0.0,0.0
981,0.9002145922746781,0.8545454545454545,0.625,0.20031363486299106,0.0,0.0
982,0.03862660944206009,0.024242424242424242,0.0,0.03862660944206008,0.0,0.0
983,0.043991416309012876,0.048484848484848485,0.0,0.04399141630901287,0.0,0.0
984,0.16738197424892703,0.13333333333333333,0.125,0.09656652360515021,0.0,0.0
985,0.3272532188841202,0.3090909090909091,0.0,0.3272532188841202,0.0,0.0
986,0.4034334763948498,0.37575757575757573,0.25,0.16738197424892703,0.0,0.0
987,0.0815450643776824,0.06060606060606061,0.0,0.0815450643776824,0.0,0.0
988,0.23927038626609443,0.23030303030303031,0.125,0.13969957081545062,0.0,0.0
989,0.11695278969957082,0.12121212121212122,0.125,0.06630901287553648,0.0,0.0
990,0.03755364806866953,0.024242424242424242,0.0,0.03755364806866952,0.0,0.0
991,0.048283261802575105,0.03636363636363636,0.0,0.048283261802575105,0.0,0.0
992,0.09334763948497854,0.07878787878787878,0.0,0.09334763948497854,0.0,0.0
993,0.03111587982832618,0.012121212121212121,0.0,0.031115879828326178,0.0,0.0
994,0.30793991416309013,0.2787878787878788,0.0,0.30793991416309013,0.0,0.0
995,0.08261802575107297,0.07878787878787878,0.125,0.04570815450643776,0.0,0.0
996,0.11909871244635194,0.10909090909090909,0.0625,0.08690987124463519,0.0,0.0
997,0.10085836909871244,0.09696969696969697,0.0,0.10085836909871244,0.0,0.0
998,0.23927038626609443,0.24848484848484848,0.0,0.2392703862660944,0.0,0.0
999,0.22317596566523606,0.20606060606060606,0.0,0.223175965665236,0.0,0.0
